Command,Parameters,Command.1,Parameters.1,Command.2,Parameters.2,Command.3,Parameters.3,Command.4,Parameters.4,Command.5,Parameters.5,Command.6,Parameters.6,Command.7,Parameters.7,Command.8,Parameters.8,Command.9,Parameters.9,Exit Code,Total Time
gssb_scan,'305525085925118277935699196406809994228 657657943',tm_send_status,'15589256233416800721',set_state,'-2131803795883227499 3351556941284068869 9612675074868757941',eps_update_status,'',tm_send_status,'-1422027365',gssb_commit_addr,'',gssb_fss_get_sun,'',rw_get_speed,'',gssb_fss_get_sun,'',gssb_get_sun,'',-6,6.606599569320679
drp_ebf,'90512118',fp_set_cmd_dt,'17542921920770426797 183703714 11750871319136432536 -1167052159 -316690241158837184591977883867387132692',tm_get_last,'251096867710309815798235585083682931915',com_send_tc,'-8726066915324944690 -115403497293202361046329010891431689985',eps_update_status,'',obc_debug,'-182860481715223276316756949406010815269',obc_get_sensors,'',com_send_data,'1733800638',rw_set_speed,'-915599740474915525 -248316216749800926783584668274718174181',init_dummy_sensor,'',-6,6.64478611946106
